study,rep,arm,exported_handlers,heldout_files_passed,vis_built,vis_status_match,vis_full_match,vis_missing,ho_built,ho_status_match,ho_full_match,ho_missing,other
sealed-haiku,A-rep1,A,20,0,48,3,3,0,0,0,0,29,{}
sealed-haiku,A-rep2,A,28,5,48,3,0,0,11,0,0,18,{}
sealed-haiku,A-rep3,A,20,0,48,3,0,0,0,0,0,29,{}
sealed-haiku,A-rep4,A,20,0,48,3,3,0,0,0,0,29,{}
sealed-haiku,A-rep5,A,20,0,48,3,0,0,0,0,0,29,{}
sealed-haiku,B-rep1,B,20,0,48,3,0,0,0,0,0,29,{}
sealed-haiku,B-rep2,B,35,7,48,3,0,0,15,0,0,14,{}
sealed-haiku,B-rep3,B,40,8,48,3,0,0,17,0,0,12,{}
sealed-haiku,B-rep4,B,23,3,48,3,0,0,6,0,0,23,{}
sealed-haiku,B-rep5,B,20,0,48,3,0,0,0,0,0,29,{}
sealed-haiku,C-rep1,C,20,0,48,3,0,0,0,0,0,29,{}
sealed-haiku,C-rep2,C,20,0,48,3,3,0,0,0,0,29,{}
sealed-haiku,C-rep3,C,68,12,48,3,3,0,29,9,3,0,{}
sealed-haiku,C-rep4,C,64,12,48,3,3,0,29,9,3,0,{}
sealed-haiku,C-rep5,C,20,0,48,3,0,0,0,0,0,29,{}
sealed-haiku,D-rep1,D,20,0,48,3,3,0,0,0,0,29,{}
sealed-haiku,D-rep2,D,27,2,48,3,0,0,4,0,0,25,{}
sealed-haiku,D-rep3,D,34,7,48,3,0,0,15,0,0,14,{}
sealed-haiku,D-rep4,D,37,7,48,3,0,0,15,0,0,14,{}
sealed-haiku,D-rep5,D,20,0,48,3,0,0,0,0,0,29,{}
sealed-sonnet,A-rep1,A,,,48,14,14,0,0,0,0,29,{}
sealed-sonnet,A-rep2,A,,,48,38,38,0,0,0,0,29,{}
sealed-sonnet,A-rep3,A,,,48,29,29,0,0,0,0,29,{}
sealed-sonnet,A-rep4,A,,,48,11,3,0,0,0,0,29,{}
sealed-sonnet,A-rep5,A,,,48,3,3,0,0,0,0,29,{}
sealed-sonnet,B-rep1,B,,,48,21,7,0,0,0,0,29,{}
sealed-sonnet,B-rep2,B,,,48,10,10,0,0,0,0,29,{}
sealed-sonnet,B-rep3,B,,,48,14,14,0,0,0,0,29,{}
sealed-sonnet,B-rep4,B,,,48,18,18,0,0,0,0,29,{}
sealed-sonnet,B-rep5,B,,,48,40,40,0,0,0,0,29,{}
