study,rep,arm,vis_n,vis_built,vis_status,vis_full,ho_n,ho_built,ho_status,ho_full,ho_missing
sealed-haiku,A-rep1,A,37,37,2,1,22,0,0,0,22
sealed-haiku,A-rep2,A,37,37,2,0,22,10,0,0,12
sealed-haiku,A-rep3,A,37,37,2,0,22,0,0,0,22
sealed-haiku,A-rep4,A,37,37,2,1,22,0,0,0,22
sealed-haiku,A-rep5,A,37,37,2,0,22,0,0,0,22
sealed-haiku,B-rep1,B,37,37,2,0,22,0,0,0,22
sealed-haiku,B-rep2,B,37,37,2,0,22,14,0,0,8
sealed-haiku,B-rep3,B,37,37,2,0,22,16,0,0,6
sealed-haiku,B-rep4,B,37,37,2,0,22,6,0,0,16
sealed-haiku,B-rep5,B,37,37,2,0,22,0,0,0,22
sealed-haiku,C-rep1,C,37,37,2,0,22,0,0,0,22
sealed-haiku,C-rep2,C,37,37,2,1,22,0,0,0,22
sealed-haiku,C-rep3,C,37,37,2,1,22,22,4,1,0
sealed-haiku,C-rep4,C,37,37,2,1,22,22,4,1,0
sealed-haiku,C-rep5,C,37,37,2,0,22,0,0,0,22
sealed-haiku,D-rep1,D,37,37,2,1,22,0,0,0,22
sealed-haiku,D-rep2,D,37,37,2,0,22,4,0,0,18
sealed-haiku,D-rep3,D,37,37,2,0,22,14,0,0,8
sealed-haiku,D-rep4,D,37,37,2,0,22,14,0,0,8
sealed-haiku,D-rep5,D,37,37,2,0,22,0,0,0,22
sealed-sonnet,A-rep1,A,37,37,9,9,22,0,0,0,22
sealed-sonnet,A-rep2,A,37,37,28,28,22,0,0,0,22
sealed-sonnet,A-rep3,A,37,37,19,19,22,0,0,0,22
sealed-sonnet,A-rep4,A,37,37,6,1,22,0,0,0,22
sealed-sonnet,A-rep5,A,37,37,2,1,22,0,0,0,22
sealed-sonnet,B-rep1,B,37,37,10,1,22,0,0,0,22
sealed-sonnet,B-rep2,B,37,37,4,4,22,0,0,0,22
sealed-sonnet,B-rep3,B,37,37,8,8,22,0,0,0,22
sealed-sonnet,B-rep4,B,37,37,11,11,22,0,0,0,22
sealed-sonnet,B-rep5,B,37,37,30,30,22,0,0,0,22
